id;your_name;to_you;to_me;created
1;Central African Republic Frozen;97623;46574;2020-11-27T09:23:00
2;Sleek Steel Keyboard applications;75972;21889;2020-11-28T00:09:07
3;ivory Bacon;74701;61318;2020-11-27T15:18:59
4;SCSI Road;16879;50923;2020-11-27T22:25:31
5;Fish experiences;49269;37839;2020-11-27T12:14:09
6;optical reboot withdrawal;51355;26393;2020-11-27T05:47:39
7;Sleek;12935;22230;2020-11-27T15:17:10
8;yellow distributed bus;3314;83711;2020-11-27T20:30:16
9;scale;85815;86777;2020-11-27T21:14:43
10;Massachusetts;10171;93673;2020-11-27T17:43:11
