id;status;created;modified
1;NONE;2020-11-27T18:10:54;2020-11-28T01:09:26
2;DISS;2020-11-28T02:38:09;2020-11-27T20:02:10
3;NONE;2020-11-28T03:16:31;2020-11-28T14:25:33
4;DISS;2020-11-28T01:06:26;2020-11-28T03:49:31
5;DISS;2020-11-27T21:27:40;2020-11-28T05:17:40
6;RESPECT;2020-11-27T21:58:46;2020-11-28T13:51:22
7;NONE;2020-11-28T04:58:44;2020-11-28T07:28:02
8;RESPECT;2020-11-27T22:10:12;2020-11-28T11:32:52
9;RESPECT;2020-11-28T03:15:41;2020-11-28T00:32:19
10;RESPECT;2020-11-28T02:28:59;2020-11-28T04:21:04
